REFUSE	ast.rs
REFUSE	ast_annotations.rs
REFUSE	ast_words.rs
REFUSE	ast_words_clean.rs
REFUSE	bc.rs
REFUSE	c_backend.rs
REFUSE	debug.rs
REFUSE	debug_tokens.rs
REFUSE	estree.rs
REFUSE	glsl_backend.rs
REFUSE	go_backend.rs
REFUSE	ir.rs
REFUSE	java_backend.rs
REFUSE	js_backend.rs
REFUSE	lexer.rs
REFUSE	lib.rs
REFUSE	mir_simple.rs
REFUSE	perl_backend.rs
REFUSE	python_backend.rs
REFUSE	rust_backend.rs
REFUSE	sh_backend.rs
REFUSE	shared_utils.rs
REFUSE	shir.rs
REFUSE	shir_json.rs
REFUSE	shir_json_in.rs
REFUSE	transforms.rs
REFUSE	variable_analysis.rs
REFUSE	wasi_api.rs
REFUSE	wasm.rs
REFUSE	zig_backend.rs
REFUSE	bc_native.rs
REFUSE	cache.rs
REFUSE	cli_commands.rs
REFUSE	execution.rs
REFUSE	help.rs
REFUSE	lib.rs
REFUSE	main.rs
REFUSE	testing.rs
REFUSE	timeout_manager.rs
REFUSE	utils.rs
REFUSE	wasi_api.rs
